{
  "input": "E:\\code\\Open-Spiral-Robots\\extensions\\multi-robot-array\\output\\baselink.stl",
  "axis": "z",
  "source_bounds_mm": {
    "xmin": -40.654876708984375,
    "xmax": 40.654876708984375,
    "ymin": -30.494491577148438,
    "ymax": 41.8520622253418,
    "zmin": 0.0,
    "zmax": 45.95115280151367
  },
  "cut_positions_mm": [
    10.0,
    20.0,
    30.0
  ],
  "ranges_mm": [
    [
      0.0,
      10.0
    ],
    [
      10.0,
      20.0
    ],
    [
      20.0,
      30.0
    ],
    [
      30.0,
      45.951152802
    ]
  ],
  "build_volume_mm": {
    "x": 256.0,
    "y": 256.0,
    "z": 256.0
  },
  "parts": [
    {
      "part_index": 1,
      "axis": "z",
      "range_mm": [
        0.0,
        10.0
      ],
      "bounds_mm": {
        "xmin": -21.662931442260742,
        "xmax": 21.662931442260742,
        "ymin": -20.875022888183594,
        "ymax": 21.669666290283203,
        "zmin": 0.0,
        "zmax": 10.0
      },
      "size_mm": {
        "x": 43.325862884521484,
        "y": 42.5446891784668,
        "z": 10.0
      },
      "output": "E:\\code\\Open-Spiral-Robots\\fabrication\\example\\_split_test2\\baselink_part01.stl",
      "fits_build_volume": true,
      "build_volume_mm": {
        "x": 256.0,
        "y": 256.0,
        "z": 256.0
      }
    },
    {
      "part_index": 2,
      "axis": "z",
      "range_mm": [
        10.0,
        20.0
      ],
      "bounds_mm": {
        "xmin": -40.654876708984375,
        "xmax": 40.654876708984375,
        "ymin": -30.494491577148438,
        "ymax": 41.8520622253418,
        "zmin": 10.0,
        "zmax": 20.0
      },
      "size_mm": {
        "x": 81.30975341796875,
        "y": 72.34655380249023,
        "z": 10.0
      },
      "output": "E:\\code\\Open-Spiral-Robots\\fabrication\\example\\_split_test2\\baselink_part02.stl",
      "fits_build_volume": true,
      "build_volume_mm": {
        "x": 256.0,
        "y": 256.0,
        "z": 256.0
      }
    },
    {
      "part_index": 3,
      "axis": "z",
      "range_mm": [
        20.0,
        30.0
      ],
      "bounds_mm": {
        "xmin": -40.640594482421875,
        "xmax": 40.640594482421875,
        "ymin": -30.197978973388672,
        "ymax": 41.8520622253418,
        "zmin": 20.0,
        "zmax": 30.0
      },
      "size_mm": {
        "x": 81.28118896484375,
        "y": 72.05004119873047,
        "z": 10.0
      },
      "output": "E:\\code\\Open-Spiral-Robots\\fabrication\\example\\_split_test2\\baselink_part03.stl",
      "fits_build_volume": true,
      "build_volume_mm": {
        "x": 256.0,
        "y": 256.0,
        "z": 256.0
      }
    },
    {
      "part_index": 4,
      "axis": "z",
      "range_mm": [
        30.0,
        45.951152802
      ],
      "bounds_mm": {
        "xmin": -40.4289436340332,
        "xmax": 40.4289436340332,
        "ymin": -29.60244369506836,
        "ymax": 41.8520622253418,
        "zmin": 30.0,
        "zmax": 45.95115280151367
      },
      "size_mm": {
        "x": 80.8578872680664,
        "y": 71.45450592041016,
        "z": 15.951152801513672
      },
      "output": "E:\\code\\Open-Spiral-Robots\\fabrication\\example\\_split_test2\\baselink_part04.stl",
      "fits_build_volume": true,
      "build_volume_mm": {
        "x": 256.0,
        "y": 256.0,
        "z": 256.0
      }
    }
  ]
}